AGS,Stadtteil_Nr,Stadtteil,Stichtag,Quelle,Wohnbev_insg,Deutsch,Nichtdeutsch,AGS_dup,Stadtteil_Nr_dup,Quelle_dup,Fam_Stand_ledig (ab 18J),Fam_Stand_Verheiratet_Lebenspartnerschaft (ab 18J),Fam_Stand_Verwitwet_LP-gestorben (ab 18J),Fam_Stand_Geschieden_LP aufgehoben (ab 18J),Fam_Stand_unbekannt (ab 18J),GEMEINDE,STT,STADTVIERTEL,EINW_HW_GESAMT,EINW_HW_FRAUEN,EINW_HW_DEUTSCH,EINW_HW_NICHTDEUTSCH,EINW_HW_unter18,EINW_HW_18_bis_unter_30,EINW_HW_30_bis_unter_40,EINW_HW_40_bis_unter_50,EINW_HW_50_bis_unter_60,EINW_HW_60_und_aelter,Haushalte,Wohnbevoelkerung insg.,Religion - katholisch,Religion - evangelisch,Religion - sonstige,Lebendgeburten,Geburten je 1000 Einw.,Sterbefaelle,Sterbefaelle je 1000 Einw.,natuerliche Bevoelkerungssaldo,Kaufkraft-Index (pro Einwohner)
8335043.0,50.0,Allmannsdorf,2011,Stadt Konstanz - Eigene Einwohnerfortschreibung,5274.0,4863.0,411.0,8335043.0,50.0,Stadt Konstanz - Eigene Einwohnerfortschreibung,1636.0,2114.0,352.0,381.0,1.0,Konstanz,"""050""","""0501""",1659.0,886.0,1574.0,85.0,273.0,248.0,136.0,266.0,187.0,549.0,876.0,5274.0,2037.0,1431.0,1806.0,26.0,"4,93",38.0,"7,21",-12.0,"109,3758166"
8335043.0,50.0,Allmannsdorf,2012,Stadt Konstanz - Eigene Einwohnerfortschreibung,5227.0,4790.0,437.0,8335043.0,50.0,Stadt Konstanz - Eigene Einwohnerfortschreibung,1632.0,2081.0,360.0,382.0,0.0,Konstanz,"""050""","""0501""",1660.0,890.0,1561.0,99.0,266.0,260.0,136.0,252.0,200.0,546.0,884.0,5227.0,2008.0,1393.0,1826.0,31.0,"5,93",31.0,"5,93",0.0,"109,3758166"
8335043.0,50.0,Allmannsdorf,2013,Stadt Konstanz - Eigene Einwohnerfortschreibung,5241.0,4803.0,438.0,8335043.0,50.0,Stadt Konstanz - Eigene Einwohnerfortschreibung,1685.0,2074.0,350.0,386.0,0.0,Konstanz,"""050""","""0501""",1662.0,897.0,1566.0,96.0,269.0,256.0,151.0,236.0,221.0,529.0,865.0,5241.0,1955.0,1404.0,1882.0,27.0,"5,15",48.0,"9,16",-21.0,"121,1745925"
8335043.0,50.0,Allmannsdorf,2014,Stadt Konstanz - Eigene Einwohnerfortschreibung,5293.0,4812.0,481.0,8335043.0,50.0,Stadt Konstanz - Eigene Einwohnerfortschreibung,1769.0,2072.0,339.0,377.0,0.0,Konstanz,"""050""","""0501""",1667.0,884.0,1548.0,119.0,259.0,264.0,146.0,227.0,246.0,525.0,866.0,5293.0,1953.0,1394.0,1946.0,28.0,"5,29",47.0,"8,88",-19.0,"121,9068585"
8335043.0,50.0,Allmannsdorf,2015,Stadt Konstanz - Eigene Einwohnerfortschreibung,5315.0,4795.0,520.0,8335043.0,50.0,Stadt Konstanz - Eigene Einwohnerfortschreibung,1760.0,2096.0,334.0,384.0,0.0,Konstanz,"""050""","""0501""",1677.0,895.0,1545.0,132.0,264.0,281.0,137.0,201.0,268.0,526.0,885.0,5315.0,1946.0,1399.0,1970.0,33.0,"6,21",40.0,"7,53",-7.0,"122,0589217"
8335043.0,50.0,Allmannsdorf,2016,Stadt Konstanz - Eigene Einwohnerfortschreibung,5305.0,4803.0,502.0,8335043.0,50.0,Stadt Konstanz - Eigene Einwohnerfortschreibung,1749.0,2111.0,328.0,386.0,0.0,Konstanz,"""050""","""0501""",1659.0,885.0,1529.0,130.0,250.0,282.0,127.0,197.0,275.0,528.0,890.0,5305.0,1923.0,1385.0,1997.0,37.0,"6,97",33.0,"6,22",4.0,"123,9436458"
8335043.0,50.0,Allmannsdorf,2017,Stadt Konstanz - Eigene Einwohnerfortschreibung,5334.0,4792.0,542.0,8335043.0,50.0,Stadt Konstanz - Eigene Einwohnerfortschreibung,1733.0,2149.0,328.0,376.0,1.0,Konstanz,"""050""","""0501""",1641.0,867.0,1502.0,139.0,240.0,274.0,141.0,177.0,284.0,525.0,881.0,5334.0,1923.0,1354.0,2057.0,40.0,"7,50",44.0,"8,25",-4.0,"124,5831404"
8335043.0,50.0,Allmannsdorf,2018,Stadt Konstanz - Eigene Einwohnerfortschreibung,5341.0,4788.0,553.0,8335043.0,50.0,Stadt Konstanz - Eigene Einwohnerfortschreibung,1760.0,2147.0,309.0,382.0,2.0,Konstanz,"""050""","""0501""",1643.0,877.0,1495.0,148.0,242.0,283.0,165.0,166.0,286.0,501.0,877.0,5341.0,1895.0,1354.0,2092.0,37.0,"6,93",51.0,"9,55",-14.0,"126,5398682"
8335043.0,50.0,Allmannsdorf,2019,Stadt Konstanz - Eigene Einwohnerfortschreibung,5348.0,4795.0,553.0,8335043.0,50.0,Stadt Konstanz - Eigene Einwohnerfortschreibung,1790.0,2138.0,302.0,392.0,3.0,Konstanz,"""050""","""0501""",1683.0,899.0,1525.0,158.0,252.0,285.0,189.0,171.0,279.0,507.0,895.0,5348.0,1842.0,1312.0,2194.0,32.0,"5,98",42.0,"7,85",-10.0,"120,5703842"
8335043.0,50.0,Allmannsdorf,2020,Stadt Konstanz - Eigene Einwohnerfortschreibung,5308.0,4773.0,535.0,8335043.0,50.0,Stadt Konstanz - Eigene Einwohnerfortschreibung,1730.0,2140.0,304.0,388.0,6.0,Konstanz,"""050""","""0501""",1697.0,910.0,1527.0,170.0,263.0,267.0,202.0,165.0,278.0,522.0,912.0,5308.0,1806.0,1273.0,2229.0,50.0,"9,42",35.0,"6,59",15.0,"118,5542552"
8335043.0,50.0,Allmannsdorf,2021,Stadt Konstanz - Eigene Einwohnerfortschreibung,5328.0,4771.0,557.0,8335043.0,50.0,Stadt Konstanz - Eigene Einwohnerfortschreibung,1733.0,2149.0,312.0,400.0,8.0,Konstanz,"""050""","""0501""",1668.0,911.0,1512.0,156.0,250.0,251.0,189.0,163.0,279.0,536.0,914.0,5328.0,1728.0,1259.0,2341.0,43.0,"8,07",37.0,"6,94",6.0,"111,0142114"
8335043.0,50.0,Allmannsdorf,2022,Stadt Konstanz - Eigene Einwohnerfortschreibung,5421.0,4780.0,641.0,8335043.0,50.0,Stadt Konstanz - Eigene Einwohnerfortschreibung,1777.0,2171.0,315.0,399.0,30.0,Konstanz,"""050""","""0501""",1686.0,927.0,1524.0,162.0,252.0,268.0,182.0,164.0,265.0,555.0,932.0,5421.0,1696.0,1235.0,2490.0,35.0,"6,46",64.0,"11,81",-29.0,"118,4130765"
8335043.0,10.0,Altstadt,2011,Stadt Konstanz - Eigene Einwohnerfortschreibung,11866.0,10306.0,1560.0,8335043.0,10.0,Stadt Konstanz - Eigene Einwohnerfortschreibung,5154.0,3613.0,605.0,959.0,3.0,Konstanz,"""010""","""0101""",1236.0,611.0,1007.0,229.0,125.0,375.0,236.0,207.0,106.0,187.0,845.0,11866.0,4436.0,2732.0,4698.0,113.0,"9,52",116.0,"9,78",-3.0,"99,1541557"
8335043.0,10.0,Altstadt,2012,Stadt Konstanz - Eigene Einwohnerfortschreibung,11894.0,10351.0,1543.0,8335043.0,10.0,Stadt Konstanz - Eigene Einwohnerfortschreibung,5276.0,3568.0,601.0,945.0,0.0,Konstanz,"""010""","""0101""",1259.0,613.0,1000.0,259.0,124.0,392.0,257.0,193.0,104.0,189.0,887.0,11894.0,4411.0,2698.0,4785.0,114.0,"9,58",150.0,"12,61",-36.0,"99,1541557"
8335043.0,10.0,Altstadt,2013,Stadt Konstanz - Eigene Einwohnerfortschreibung,11923.0,10347.0,1576.0,8335043.0,10.0,Stadt Konstanz - Eigene Einwohnerfortschreibung,5329.0,3536.0,600.0,953.0,0.0,Konstanz,"""010""","""0101""",1300.0,650.0,1023.0,277.0,132.0,414.0,250.0,186.0,126.0,192.0,889.0,11923.0,4376.0,2653.0,4894.0,123.0,"10,32",139.0,"11,66",-16.0,"94,03495771"
8335043.0,10.0,Altstadt,2014,Stadt Konstanz - Eigene Einwohnerfortschreibung,11947.0,10342.0,1605.0,8335043.0,10.0,Stadt Konstanz - Eigene Einwohnerfortschreibung,5305.0,3564.0,596.0,963.0,0.0,Konstanz,"""010""","""0101""",1281.0,651.0,1009.0,272.0,130.0,410.0,236.0,178.0,139.0,188.0,865.0,11947.0,4300.0,2654.0,4993.0,129.0,"10,80",124.0,"10,38",5.0,"96,46835698"
8335043.0,10.0,Altstadt,2015,Stadt Konstanz - Eigene Einwohnerfortschreibung,11987.0,10352.0,1635.0,8335043.0,10.0,Stadt Konstanz - Eigene Einwohnerfortschreibung,5278.0,3611.0,587.0,970.0,1.0,Konstanz,"""010""","""0101""",1286.0,639.0,1027.0,259.0,126.0,412.0,224.0,188.0,141.0,195.0,869.0,11987.0,4205.0,2633.0,5149.0,132.0,"11,01",161.0,"13,43",-29.0,"97,42200602"
8335043.0,10.0,Altstadt,2016,Stadt Konstanz - Eigene Einwohnerfortschreibung,11950.0,10305.0,1645.0,8335043.0,10.0,Stadt Konstanz - Eigene Einwohnerfortschreibung,5218.0,3636.0,580.0,970.0,3.0,Konstanz,"""010""","""0101""",1297.0,661.0,1046.0,251.0,125.0,433.0,220.0,174.0,143.0,202.0,863.0,11950.0,4095.0,2594.0,5261.0,118.0,"9,87",119.0,"9,96",-1.0,"97,8875222"
8335043.0,10.0,Altstadt,2017,Stadt Konstanz - Eigene Einwohnerfortschreibung,12064.0,10339.0,1725.0,8335043.0,10.0,Stadt Konstanz - Eigene Einwohnerfortschreibung,5212.0,3657.0,574.0,1003.0,13.0,Konstanz,"""010""","""0101""",1301.0,659.0,1030.0,271.0,141.0,408.0,230.0,166.0,149.0,207.0,858.0,12064.0,4048.0,2550.0,5466.0,135.0,"11,19",139.0,"11,52",-4.0,"99,17438996"
8335043.0,10.0,Altstadt,2018,Stadt Konstanz - Eigene Einwohnerfortschreibung,12116.0,10329.0,1787.0,8335043.0,10.0,Stadt Konstanz - Eigene Einwohnerfortschreibung,5206.0,3683.0,577.0,998.0,27.0,Konstanz,"""010""","""0101""",1282.0,652.0,1002.0,280.0,130.0,401.0,227.0,158.0,155.0,211.0,853.0,12116.0,3998.0,2502.0,5616.0,149.0,"12,30",139.0,"11,47",10.0,"99,60608596"
8335043.0,10.0,Altstadt,2019,Stadt Konstanz - Eigene Einwohnerfortschreibung,12138.0,10312.0,1826.0,8335043.0,10.0,Stadt Konstanz - Eigene Einwohnerfortschreibung,5200.0,3714.0,583.0,989.0,31.0,Konstanz,"""010""","""0101""",1321.0,656.0,1010.0,311.0,142.0,394.0,246.0,162.0,153.0,224.0,872.0,12138.0,3915.0,2438.0,5785.0,129.0,"10,63",130.0,"10,71",-1.0,"96,03061575"
8335043.0,10.0,Altstadt,2020,Stadt Konstanz - Eigene Einwohnerfortschreibung,12080.0,10334.0,1746.0,8335043.0,10.0,Stadt Konstanz - Eigene Einwohnerfortschreibung,5151.0,3697.0,579.0,969.0,54.0,Konstanz,"""010""","""0101""",1287.0,649.0,998.0,289.0,138.0,383.0,239.0,147.0,158.0,222.0,863.0,12080.0,3814.0,2349.0,5917.0,134.0,"11,09",131.0,"10,84",3.0,"96,61157189"
8335043.0,10.0,Altstadt,2021,Stadt Konstanz - Eigene Einwohnerfortschreibung,11952.0,10209.0,1743.0,8335043.0,10.0,Stadt Konstanz - Eigene Einwohnerfortschreibung,5101.0,3668.0,583.0,943.0,63.0,Konstanz,"""010""","""0101""",1263.0,648.0,995.0,268.0,129.0,381.0,215.0,154.0,156.0,228.0,859.0,11952.0,3591.0,2240.0,6121.0,128.0,"10,71",140.0,"11,71",-12.0,"101,2256652"
8335043.0,10.0,Altstadt,2022,Stadt Konstanz - Eigene Einwohnerfortschreibung,12129.0,10191.0,1938.0,8335043.0,10.0,Stadt Konstanz - Eigene Einwohnerfortschreibung,5188.0,3608.0,589.0,954.0,163.0,Konstanz,"""010""","""0101""",1266.0,654.0,1001.0,265.0,138.0,383.0,209.0,154.0,159.0,223.0,849.0,12129.0,3373.0,2176.0,6580.0,98.0,"8,08",162.0,"13,36",-64.0,"98,96463742"
8335043.0,130.0,Dettingen,2011,Stadt Konstanz - Eigene Einwohnerfortschreibung,3055.0,2890.0,165.0,8335043.0,130.0,Stadt Konstanz - Eigene Einwohnerfortschreibung,641.0,1552.0,179.0,167.0,0.0,Konstanz,"""130""","""1301""",1300.0,665.0,1224.0,76.0,217.0,165.0,117.0,189.0,191.0,421.0,629.0,3055.0,1437.0,757.0,861.0,21.0,"6,87",25.0,"8,18",-4.0,"115,4788467"
8335043.0,130.0,Dettingen,2012,Stadt Konstanz - Eigene Einwohnerfortschreibung,3061.0,2896.0,165.0,8335043.0,130.0,Stadt Konstanz - Eigene Einwohnerfortschreibung,695.0,1510.0,179.0,174.0,0.0,Konstanz,"""130""","""1301""",1293.0,676.0,1216.0,77.0,209.0,175.0,119.0,172.0,192.0,426.0,625.0,3061.0,1423.0,740.0,898.0,30.0,"9,80",25.0,"8,17",5.0,"115,4788467"
8335043.0,130.0,Dettingen,2013,Stadt Konstanz - Eigene Einwohnerfortschreibung,3048.0,2878.0,170.0,8335043.0,130.0,Stadt Konstanz - Eigene Einwohnerfortschreibung,686.0,1504.0,194.0,171.0,0.0,Konstanz,"""130""","""1301""",1318.0,677.0,1241.0,77.0,217.0,177.0,130.0,167.0,195.0,432.0,630.0,3048.0,1405.0,725.0,918.0,16.0,"5,25",23.0,"7,55",-7.0,"120,4509843"
8335043.0,130.0,Dettingen,2014,Stadt Konstanz - Eigene Einwohnerfortschreibung,3124.0,2941.0,183.0,8335043.0,130.0,Stadt Konstanz - Eigene Einwohnerfortschreibung,716.0,1532.0,195.0,164.0,0.0,Konstanz,"""130""","""1301""",1397.0,713.0,1310.0,87.0,237.0,193.0,151.0,176.0,202.0,438.0,665.0,3124.0,1416.0,744.0,964.0,29.0,"9,28",23.0,"7,36",6.0,"119,3604605"
8335043.0,130.0,Dettingen,2015,Stadt Konstanz - Eigene Einwohnerfortschreibung,3141.0,2917.0,224.0,8335043.0,130.0,Stadt Konstanz - Eigene Einwohnerfortschreibung,711.0,1545.0,191.0,170.0,0.0,Konstanz,"""130""","""1301""",1390.0,701.0,1290.0,100.0,250.0,171.0,157.0,175.0,192.0,445.0,660.0,3141.0,1387.0,731.0,1023.0,29.0,"9,23",18.0,"5,73",11.0,"115,7725691"
8335043.0,130.0,Dettingen,2016,Stadt Konstanz - Eigene Einwohnerfortschreibung,3348.0,2972.0,376.0,8335043.0,130.0,Stadt Konstanz - Eigene Einwohnerfortschreibung,748.0,1609.0,190.0,191.0,2.0,Konstanz,"""130""","""1301""",1608.0,804.0,1350.0,258.0,337.0,206.0,212.0,200.0,205.0,448.0,729.0,3348.0,1380.0,731.0,1237.0,24.0,"7,17",15.0,"4,48",9.0,"116,2334674"
8335043.0,130.0,Dettingen,2017,Stadt Konstanz - Eigene Einwohnerfortschreibung,3334.0,3001.0,333.0,8335043.0,130.0,Stadt Konstanz - Eigene Einwohnerfortschreibung,768.0,1579.0,188.0,191.0,19.0,Konstanz,"""130""","""1301""",1609.0,798.0,1395.0,214.0,333.0,211.0,224.0,185.0,198.0,458.0,740.0,3334.0,1382.0,730.0,1222.0,33.0,"9,90",18.0,"5,40",15.0,"114,4506068"
8335043.0,130.0,Dettingen,2018,Stadt Konstanz - Eigene Einwohnerfortschreibung,3270.0,2959.0,311.0,8335043.0,130.0,Stadt Konstanz - Eigene Einwohnerfortschreibung,762.0,1563.0,194.0,198.0,4.0,Konstanz,"""130""","""1301""",1548.0,776.0,1374.0,174.0,300.0,198.0,202.0,184.0,200.0,464.0,733.0,3270.0,1372.0,699.0,1199.0,22.0,"6,73",30.0,"9,17",-8.0,"116,5398428"
8335043.0,130.0,Dettingen,2019,Stadt Konstanz - Eigene Einwohnerfortschreibung,3289.0,2961.0,328.0,8335043.0,130.0,Stadt Konstanz - Eigene Einwohnerfortschreibung,759.0,1576.0,191.0,198.0,3.0,Konstanz,"""130""","""1301""",1527.0,777.0,1362.0,165.0,296.0,194.0,182.0,187.0,203.0,465.0,730.0,3289.0,1349.0,693.0,1247.0,28.0,"8,51",23.0,"6,99",5.0,"120,8892504"
8335043.0,130.0,Dettingen,2020,Stadt Konstanz - Eigene Einwohnerfortschreibung,3342.0,2988.0,354.0,8335043.0,130.0,Stadt Konstanz - Eigene Einwohnerfortschreibung,772.0,1592.0,193.0,207.0,3.0,Konstanz,"""130""","""1301""",1566.0,804.0,1381.0,185.0,303.0,204.0,176.0,200.0,213.0,470.0,744.0,3342.0,1344.0,693.0,1305.0,31.0,"9,28",19.0,"5,69",12.0,"116,8685696"
8335043.0,130.0,Dettingen,2021,Stadt Konstanz - Eigene Einwohnerfortschreibung,3399.0,3035.0,364.0,8335043.0,130.0,Stadt Konstanz - Eigene Einwohnerfortschreibung,773.0,1609.0,197.0,214.0,7.0,Konstanz,"""130""","""1301""",1629.0,834.0,1429.0,200.0,324.0,210.0,189.0,214.0,211.0,481.0,768.0,3399.0,1348.0,688.0,1363.0,30.0,"8,83",19.0,"5,59",11.0,"108,2362361"
8335043.0,130.0,Dettingen,2022,Stadt Konstanz - Eigene Einwohnerfortschreibung,3422.0,3033.0,389.0,8335043.0,130.0,Stadt Konstanz - Eigene Einwohnerfortschreibung,761.0,1589.0,198.0,215.0,29.0,Konstanz,"""130""","""1301""",1603.0,826.0,1404.0,199.0,318.0,201.0,162.0,225.0,204.0,493.0,760.0,3422.0,1297.0,672.0,1453.0,29.0,"8,47",38.0,"11,10",-9.0,"121,163412"
8335043.0,120.0,Dingelsdorf,2011,Stadt Konstanz - Eigene Einwohnerfortschreibung,2103.0,2010.0,93.0,8335043.0,120.0,Stadt Konstanz - Eigene Einwohnerfortschreibung,530.0,1017.0,97.0,118.0,0.0,Konstanz,"""120""","""1201""",1773.0,905.0,1694.0,79.0,287.0,311.0,157.0,311.0,270.0,437.0,915.0,2103.0,992.0,473.0,638.0,14.0,"6,66",19.0,"9,03",-5.0,"119,2387932"
8335043.0,120.0,Dingelsdorf,2012,Stadt Konstanz - Eigene Einwohnerfortschreibung,2121.0,1997.0,124.0,8335043.0,120.0,Stadt Konstanz - Eigene Einwohnerfortschreibung,548.0,1009.0,100.0,123.0,0.0,Konstanz,"""120""","""1201""",1787.0,911.0,1693.0,94.0,287.0,318.0,156.0,279.0,289.0,458.0,935.0,2121.0,977.0,480.0,664.0,21.0,"9,90",10.0,"4,71",11.0,"119,2387932"
8335043.0,120.0,Dingelsdorf,2013,Stadt Konstanz - Eigene Einwohnerfortschreibung,2138.0,2005.0,133.0,8335043.0,120.0,Stadt Konstanz - Eigene Einwohnerfortschreibung,578.0,1004.0,105.0,123.0,0.0,Konstanz,"""120""","""1201""",1799.0,929.0,1700.0,99.0,284.0,328.0,149.0,265.0,304.0,469.0,895.0,2138.0,986.0,469.0,683.0,12.0,"5,61",12.0,"5,61",0.0,"128,1696906"
8335043.0,120.0,Dingelsdorf,2014,Stadt Konstanz - Eigene Einwohnerfortschreibung,2122.0,1976.0,146.0,8335043.0,120.0,Stadt Konstanz - Eigene Einwohnerfortschreibung,554.0,1003.0,108.0,121.0,0.0,Konstanz,"""120""","""1201""",1792.0,925.0,1680.0,112.0,292.0,298.0,161.0,256.0,313.0,472.0,894.0,2122.0,958.0,444.0,720.0,17.0,"8,01",15.0,"7,07",2.0,"123,8220211"
8335043.0,120.0,Dingelsdorf,2015,Stadt Konstanz - Eigene Einwohnerfortschreibung,2142.0,1970.0,172.0,8335043.0,120.0,Stadt Konstanz - Eigene Einwohnerfortschreibung,547.0,1030.0,100.0,120.0,0.0,Konstanz,"""120""","""1201""",1808.0,930.0,1686.0,122.0,301.0,303.0,174.0,232.0,318.0,480.0,901.0,2142.0,948.0,449.0,745.0,13.0,"6,07",17.0,"7,94",-4.0,"123,4801123"
8335043.0,120.0,Dingelsdorf,2016,Stadt Konstanz - Eigene Einwohnerfortschreibung,2137.0,1954.0,183.0,8335043.0,120.0,Stadt Konstanz - Eigene Einwohnerfortschreibung,561.0,1007.0,105.0,127.0,0.0,Konstanz,"""120""","""1201""",1805.0,918.0,1675.0,130.0,289.0,318.0,153.0,218.0,335.0,492.0,907.0,2137.0,942.0,436.0,759.0,11.0,"5,15",11.0,"5,15",0.0,"122,1891316"
8335043.0,120.0,Dingelsdorf,2017,Stadt Konstanz - Eigene Einwohnerfortschreibung,2131.0,1918.0,213.0,8335043.0,120.0,Stadt Konstanz - Eigene Einwohnerfortschreibung,564.0,997.0,107.0,135.0,0.0,Konstanz,"""120""","""1201""",1797.0,915.0,1649.0,148.0,281.0,307.0,157.0,207.0,333.0,512.0,919.0,2131.0,928.0,435.0,768.0,10.0,"4,69",11.0,"5,16",-1.0,"122,912984"
8335043.0,120.0,Dingelsdorf,2018,Stadt Konstanz - Eigene Einwohnerfortschreibung,2094.0,1896.0,198.0,8335043.0,120.0,Stadt Konstanz - Eigene Einwohnerfortschreibung,547.0,987.0,105.0,132.0,1.0,Konstanz,"""120""","""1201""",1756.0,896.0,1624.0,132.0,270.0,290.0,159.0,186.0,331.0,520.0,892.0,2094.0,885.0,428.0,781.0,22.0,"10,51",16.0,"7,64",6.0,"125,6718206"
8335043.0,120.0,Dingelsdorf,2019,Stadt Konstanz - Eigene Einwohnerfortschreibung,2098.0,1897.0,201.0,8335043.0,120.0,Stadt Konstanz - Eigene Einwohnerfortschreibung,541.0,1003.0,103.0,125.0,3.0,Konstanz,"""120""","""1201""",1758.0,895.0,1618.0,140.0,273.0,277.0,176.0,181.0,314.0,537.0,894.0,2098.0,859.0,418.0,821.0,17.0,"8,10",20.0,"9,53",-3.0,"124,9464976"
8335043.0,120.0,Dingelsdorf,2020,Stadt Konstanz - Eigene Einwohnerfortschreibung,2082.0,1897.0,185.0,8335043.0,120.0,Stadt Konstanz - Eigene Einwohnerfortschreibung,536.0,987.0,108.0,124.0,2.0,Konstanz,"""120""","""1201""",1773.0,911.0,1629.0,144.0,281.0,251.0,205.0,170.0,310.0,556.0,903.0,2082.0,845.0,411.0,826.0,18.0,"8,65",13.0,"6,24",5.0,"115,6477832"
8335043.0,120.0,Dingelsdorf,2021,Stadt Konstanz - Eigene Einwohnerfortschreibung,2056.0,1883.0,173.0,8335043.0,120.0,Stadt Konstanz - Eigene Einwohnerfortschreibung,508.0,989.0,110.0,131.0,6.0,Konstanz,"""120""","""1201""",1750.0,892.0,1615.0,135.0,272.0,221.0,219.0,161.0,303.0,574.0,897.0,2056.0,834.0,385.0,837.0,18.0,"8,75",15.0,"7,30",3.0,"104,8121809"
8335043.0,120.0,Dingelsdorf,2022,Stadt Konstanz - Eigene Einwohnerfortschreibung,2075.0,1892.0,183.0,8335043.0,120.0,Stadt Konstanz - Eigene Einwohnerfortschreibung,516.0,981.0,116.0,132.0,14.0,Konstanz,"""120""","""1201""",1770.0,889.0,1626.0,144.0,282.0,226.0,214.0,163.0,292.0,593.0,906.0,2075.0,811.0,369.0,895.0,12.0,"5,78",18.0,"8,67",-6.0,"121,327194"
8335043.0,100.0,Egg,2011,Stadt Konstanz - Eigene Einwohnerfortschreibung,699.0,676.0,23.0,8335043.0,100.0,Stadt Konstanz - Eigene Einwohnerfortschreibung,192.0,304.0,23.0,36.0,0.0,Konstanz,"""100""","""1001""",699.0,336.0,676.0,23.0,144.0,136.0,78.0,133.0,94.0,114.0,319.0,699.0,280.0,198.0,221.0,4.0,"5,72",0.0,"0,00",4.0,"87,94910828"
8335043.0,100.0,Egg,2012,Stadt Konstanz - Eigene Einwohnerfortschreibung,731.0,707.0,24.0,8335043.0,100.0,Stadt Konstanz - Eigene Einwohnerfortschreibung,194.0,332.0,22.0,34.0,0.0,Konstanz,"""100""","""1001""",731.0,353.0,707.0,24.0,149.0,135.0,86.0,133.0,106.0,122.0,333.0,731.0,289.0,203.0,239.0,5.0,"6,84",3.0,"4,10",2.0,"87,94910828"
8335043.0,100.0,Egg,2013,Stadt Konstanz - Eigene Einwohnerfortschreibung,736.0,706.0,30.0,8335043.0,100.0,Stadt Konstanz - Eigene Einwohnerfortschreibung,184.0,341.0,21.0,34.0,0.0,Konstanz,"""100""","""1001""",736.0,358.0,706.0,30.0,156.0,127.0,80.0,133.0,115.0,125.0,327.0,736.0,283.0,187.0,266.0,10.0,"13,59",2.0,"2,72",8.0,"96,75677426"
8335043.0,100.0,Egg,2014,Stadt Konstanz - Eigene Einwohnerfortschreibung,770.0,732.0,38.0,8335043.0,100.0,Stadt Konstanz - Eigene Einwohnerfortschreibung,188.0,353.0,20.0,35.0,0.0,Konstanz,"""100""","""1001""",770.0,373.0,732.0,38.0,174.0,126.0,91.0,137.0,114.0,128.0,332.0,770.0,285.0,207.0,278.0,6.0,"7,79",5.0,"6,49",1.0,"98,08964282"
8335043.0,100.0,Egg,2015,Stadt Konstanz - Eigene Einwohnerfortschreibung,757.0,709.0,48.0,8335043.0,100.0,Stadt Konstanz - Eigene Einwohnerfortschreibung,188.0,353.0,18.0,30.0,0.0,Konstanz,"""100""","""1001""",757.0,368.0,709.0,48.0,168.0,130.0,85.0,123.0,119.0,132.0,332.0,757.0,275.0,199.0,283.0,7.0,"9,25",4.0,"5,28",3.0,"99,48733674"
8335043.0,100.0,Egg,2016,Stadt Konstanz - Eigene Einwohnerfortschreibung,779.0,728.0,51.0,8335043.0,100.0,Stadt Konstanz - Eigene Einwohnerfortschreibung,217.0,352.0,16.0,30.0,0.0,Konstanz,"""100""","""1001""",779.0,366.0,728.0,51.0,164.0,157.0,78.0,108.0,138.0,134.0,351.0,779.0,286.0,192.0,301.0,8.0,"10,27",2.0,"2,57",6.0,"101,8344421"
8335043.0,100.0,Egg,2017,Stadt Konstanz - Eigene Einwohnerfortschreibung,761.0,680.0,81.0,8335043.0,100.0,Stadt Konstanz - Eigene Einwohnerfortschreibung,200.0,351.0,18.0,33.0,2.0,Konstanz,"""100""","""1001""",761.0,367.0,680.0,81.0,157.0,144.0,87.0,88.0,147.0,138.0,333.0,761.0,267.0,185.0,309.0,7.0,"9,20",4.0,"5,26",3.0,"108,5443597"
8335043.0,100.0,Egg,2018,Stadt Konstanz - Eigene Einwohnerfortschreibung,763.0,671.0,92.0,8335043.0,100.0,Stadt Konstanz - Eigene Einwohnerfortschreibung,192.0,359.0,20.0,27.0,3.0,Konstanz,"""100""","""1001""",763.0,384.0,671.0,92.0,162.0,136.0,84.0,85.0,145.0,151.0,345.0,763.0,256.0,191.0,316.0,10.0,"13,11",3.0,"3,93",7.0,"112,423754"
8335043.0,100.0,Egg,2019,Stadt Konstanz - Eigene Einwohnerfortschreibung,812.0,725.0,87.0,8335043.0,100.0,Stadt Konstanz - Eigene Einwohnerfortschreibung,219.0,365.0,24.0,28.0,6.0,Konstanz,"""100""","""1001""",812.0,408.0,725.0,87.0,170.0,157.0,91.0,93.0,136.0,165.0,368.0,812.0,262.0,215.0,335.0,4.0,"4,93",3.0,"3,69",1.0,"127,031691"
8335043.0,100.0,Egg,2020,Stadt Konstanz - Eigene Einwohnerfortschreibung,788.0,708.0,80.0,8335043.0,100.0,Stadt Konstanz - Eigene Einwohnerfortschreibung,199.0,364.0,25.0,27.0,5.0,Konstanz,"""100""","""1001""",788.0,387.0,708.0,80.0,168.0,137.0,84.0,98.0,130.0,171.0,360.0,788.0,264.0,200.0,324.0,7.0,"8,88",7.0,"8,88",0.0,"137,2037927"
8335043.0,100.0,Egg,2021,Stadt Konstanz - Eigene Einwohnerfortschreibung,805.0,714.0,91.0,8335043.0,100.0,Stadt Konstanz - Eigene Einwohnerfortschreibung,197.0,369.0,22.0,31.0,7.0,Konstanz,"""100""","""1001""",805.0,411.0,714.0,91.0,179.0,135.0,82.0,112.0,120.0,177.0,363.0,805.0,263.0,201.0,341.0,6.0,"7,45",3.0,"3,73",3.0,"115,2720325"
8335043.0,100.0,Egg,2022,Stadt Konstanz - Eigene Einwohnerfortschreibung,833.0,732.0,101.0,8335043.0,100.0,Stadt Konstanz - Eigene Einwohnerfortschreibung,197.0,377.0,23.0,32.0,12.0,Konstanz,"""100""","""1001""",833.0,426.0,732.0,101.0,192.0,140.0,82.0,110.0,118.0,191.0,381.0,833.0,247.0,205.0,381.0,6.0,"7,20",3.0,"3,60",3.0,"125,9164822"
8335043.0,70.0,Fuerstenberg,2011,Stadt Konstanz - Eigene Einwohnerfortschreibung,11680.0,10090.0,1590.0,8335043.0,70.0,Stadt Konstanz - Eigene Einwohnerfortschreibung,3997.0,4389.0,692.0,989.0,1.0,Konstanz,"""070""","""0701""",4027.0,2118.0,3406.0,621.0,615.0,1068.0,448.0,606.0,473.0,817.0,2247.0,11680.0,4633.0,2640.0,4407.0,100.0,"8,56",80.0,"6,85",20.0,"94,26030781"
8335043.0,70.0,Fuerstenberg,2012,Stadt Konstanz - Eigene Einwohnerfortschreibung,11663.0,10015.0,1648.0,8335043.0,70.0,Stadt Konstanz - Eigene Einwohnerfortschreibung,4094.0,4287.0,713.0,969.0,0.0,Konstanz,"""070""","""0701""",4057.0,2151.0,3375.0,682.0,606.0,1109.0,471.0,558.0,494.0,819.0,2300.0,11663.0,4531.0,2627.0,4505.0,106.0,"9,09",98.0,"8,40",8.0,"94,26030781"
8335043.0,70.0,Fuerstenberg,2013,Stadt Konstanz - Eigene Einwohnerfortschreibung,11686.0,9973.0,1713.0,8335043.0,70.0,Stadt Konstanz - Eigene Einwohnerfortschreibung,4160.0,4218.0,733.0,1001.0,0.0,Konstanz,"""070""","""0701""",4034.0,2139.0,3329.0,705.0,591.0,1.108,453.0,535.0,501.0,846.0,2.331,11686.0,4403.0,2575.0,4708.0,80.0,"6,85",102.0,"8,73",-22.0,"95,26094708"
8335043.0,70.0,Fuerstenberg,2014,Stadt Konstanz - Eigene Einwohnerfortschreibung,11747.0,9968.0,1779.0,8335043.0,70.0,Stadt Konstanz - Eigene Einwohnerfortschreibung,4193.0,4251.0,712.0,994.0,0.0,Konstanz,"""070""","""0701""",4026.0,2128.0,3316.0,710.0,588.0,1092.0,483.0,486.0,532.0,845.0,2308.0,11747.0,4347.0,2514.0,4886.0,95.0,"8,09",102.0,"8,68",-7.0,"96,13137553"
8335043.0,70.0,Fuerstenberg,2015,Stadt Konstanz - Eigene Einwohnerfortschreibung,12022.0,10068.0,1954.0,8335043.0,70.0,Stadt Konstanz - Eigene Einwohnerfortschreibung,4432.0,4291.0,694.0,990.0,0.0,Konstanz,"""070""","""0701""",4175.0,2190.0,3378.0,797.0,576.0,1214.0,521.0,475.0,531.0,858.0,2388.0,12022.0,4362.0,2517.0,5143.0,108.0,"8,98",94.0,"7,82",14.0,"96,06860215"
8335043.0,70.0,Fuerstenberg,2016,Stadt Konstanz - Eigene Einwohnerfortschreibung,12233.0,10129.0,2104.0,8335043.0,70.0,Stadt Konstanz - Eigene Einwohnerfortschreibung,4585.0,4350.0,702.0,993.0,2.0,Konstanz,"""070""","""0701""",4381.0,2280.0,3514.0,867.0,586.0,1399.0,522.0,459.0,542.0,873.0,2541.0,12233.0,4344.0,2546.0,5343.0,109.0,"8,91",94.0,"7,68",15.0,"96,0114961"
8335043.0,70.0,Fuerstenberg,2017,Stadt Konstanz - Eigene Einwohnerfortschreibung,12433.0,10144.0,2289.0,8335043.0,70.0,Stadt Konstanz - Eigene Einwohnerfortschreibung,4701.0,4339.0,714.0,1023.0,3.0,Konstanz,"""070""","""0701""",4415.0,2283.0,3517.0,898.0,593.0,1425.0,535.0,424.0,554.0,884.0,2566.0,12433.0,4345.0,2493.0,5595.0,109.0,"8,77",126.0,"10,13",-17.0,"95,67787309"
8335043.0,70.0,Fuerstenberg,2018,Stadt Konstanz - Eigene Einwohnerfortschreibung,12346.0,10006.0,2340.0,8335043.0,70.0,Stadt Konstanz - Eigene Einwohnerfortschreibung,4566.0,4364.0,707.0,1013.0,9.0,Konstanz,"""070""","""0701""",4395.0,2292.0,3496.0,899.0,594.0,1382.0,542.0,430.0,552.0,895.0,2556.0,12346.0,4246.0,2360.0,5740.0,105.0,"8,50",97.0,"7,86",8.0,"95,49230022"
8335043.0,70.0,Fuerstenberg,2019,Stadt Konstanz - Eigene Einwohnerfortschreibung,12500.0,10081.0,2419.0,8335043.0,70.0,Stadt Konstanz - Eigene Einwohnerfortschreibung,4572.0,4419.0,701.0,1036.0,26.0,Konstanz,"""070""","""0701""",4425.0,2283.0,3510.0,915.0,620.0,1327.0,574.0,435.0,560.0,909.0,2552.0,12500.0,4163.0,2341.0,5996.0,110.0,"8,80",95.0,"7,60",15.0,"94,67953583"
8335043.0,70.0,Fuerstenberg,2020,Stadt Konstanz - Eigene Einwohnerfortschreibung,12369.0,10014.0,2355.0,8335043.0,70.0,Stadt Konstanz - Eigene Einwohnerfortschreibung,4464.0,4405.0,700.0,1021.0,30.0,Konstanz,"""070""","""0701""",4322.0,2235.0,3484.0,838.0,625.0,1230.0,585.0,405.0,556.0,921.0,2488.0,12369.0,4024.0,2304.0,6041.0,111.0,"8,97",108.0,"8,73",3.0,"97,06963301"
8335043.0,70.0,Fuerstenberg,2021,Stadt Konstanz - Eigene Einwohnerfortschreibung,12382.0,9986.0,2396.0,8335043.0,70.0,Stadt Konstanz - Eigene Einwohnerfortschreibung,4603.0,4307.0,701.0,1021.0,39.0,Konstanz,"""070""","""0701""",4389.0,2277.0,3519.0,870.0,605.0,1322.0,573.0,408.0,549.0,932.0,2543.0,12382.0,3863.0,2224.0,6295.0,122.0,"9,85",106.0,"8,56",16.0,"97,35712902"
8335043.0,70.0,Fuerstenberg,2022,Stadt Konstanz - Eigene Einwohnerfortschreibung,12465.0,9958.0,2507.0,8335043.0,70.0,Stadt Konstanz - Eigene Einwohnerfortschreibung,4583.0,4295.0,713.0,1036.0,94.0,Konstanz,"""070""","""0701""",4399.0,2268.0,3485.0,914.0,602.0,1.306,577.0,425.0,521.0,968.0,2.584,12465.0,3693.0,2138.0,6634.0,90.0,"7,22",120.0,"9,63",-30.0,"91,1318116"
8335043.0,90.0,Industriegebiet,2011,Stadt Konstanz - Eigene Einwohnerfortschreibung,933.0,706.0,227.0,8335043.0,90.0,Stadt Konstanz - Eigene Einwohnerfortschreibung,271.0,399.0,24.0,96.0,0.0,Konstanz,"""090""","""0901""",770.0,352.0,574.0,196.0,123.0,158.0,108.0,154.0,100.0,127.0,403.0,933.0,323.0,191.0,419.0,4.0,"4,29",2.0,"2,14",2.0,"93,54566204"
8335043.0,90.0,Industriegebiet,2012,Stadt Konstanz - Eigene Einwohnerfortschreibung,915.0,697.0,218.0,8335043.0,90.0,Stadt Konstanz - Eigene Einwohnerfortschreibung,279.0,366.0,27.0,92.0,0.0,Konstanz,"""090""","""0901""",748.0,354.0,563.0,185.0,130.0,164.0,95.0,130.0,101.0,128.0,386.0,915.0,308.0,186.0,421.0,13.0,"14,21",6.0,"6,56",7.0,"93,54566204"
8335043.0,90.0,Industriegebiet,2013,Stadt Konstanz - Eigene Einwohnerfortschreibung,960.0,720.0,240.0,8335043.0,90.0,Stadt Konstanz - Eigene Einwohnerfortschreibung,319.0,384.0,31.0,83.0,0.0,Konstanz,"""090""","""0901""",790.0,369.0,589.0,201.0,122.0,183.0,102.0,135.0,113.0,135.0,426.0,960.0,326.0,184.0,450.0,5.0,"5,21",3.0,"3,13",2.0,"77,84179311"
8335043.0,90.0,Industriegebiet,2014,Stadt Konstanz - Eigene Einwohnerfortschreibung,951.0,697.0,254.0,8335043.0,90.0,Stadt Konstanz - Eigene Einwohnerfortschreibung,314.0,383.0,30.0,88.0,0.0,Konstanz,"""090""","""0901""",788.0,353.0,575.0,213.0,121.0,165.0,108.0,130.0,131.0,133.0,422.0,951.0,310.0,173.0,468.0,7.0,"7,36",7.0,"7,36",0.0,"86,59046086"
8335043.0,90.0,Industriegebiet,2015,Stadt Konstanz - Eigene Einwohnerfortschreibung,1024.0,716.0,308.0,8335043.0,90.0,Stadt Konstanz - Eigene Einwohnerfortschreibung,353.0,394.0,32.0,102.0,0.0,Konstanz,"""090""","""0901""",821.0,353.0,561.0,260.0,122.0,172.0,122.0,144.0,119.0,142.0,439.0,1024.0,326.0,166.0,532.0,13.0,"12,70",6.0,"5,86",7.0,"84,63305287"
8335043.0,90.0,Industriegebiet,2016,Stadt Konstanz - Eigene Einwohnerfortschreibung,1081.0,694.0,387.0,8335043.0,90.0,Stadt Konstanz - Eigene Einwohnerfortschreibung,374.0,402.0,34.0,99.0,9.0,Konstanz,"""090""","""0901""",810.0,350.0,553.0,257.0,122.0,195.0,113.0,105.0,126.0,149.0,429.0,1081.0,340.0,145.0,596.0,7.0,"6,48",9.0,"8,33",-2.0,"84,09394192"
8335043.0,90.0,Industriegebiet,2017,Stadt Konstanz - Eigene Einwohnerfortschreibung,1108.0,681.0,427.0,8335043.0,90.0,Stadt Konstanz - Eigene Einwohnerfortschreibung,389.0,395.0,38.0,94.0,20.0,Konstanz,"""090""","""0901""",826.0,355.0,527.0,299.0,140.0,204.0,104.0,103.0,124.0,151.0,416.0,1108.0,318.0,150.0,640.0,12.0,"10,83",6.0,"5,42",6.0,"82,19207887"
8335043.0,90.0,Industriegebiet,2018,Stadt Konstanz - Eigene Einwohnerfortschreibung,1093.0,673.0,420.0,8335043.0,90.0,Stadt Konstanz - Eigene Einwohnerfortschreibung,369.0,380.0,45.0,95.0,45.0,Konstanz,"""090""","""0901""",834.0,359.0,529.0,305.0,132.0,206.0,112.0,102.0,127.0,155.0,417.0,1093.0,298.0,158.0,637.0,11.0,"10,06",9.0,"8,23",2.0,"77,81026013"
8335043.0,90.0,Industriegebiet,2019,Stadt Konstanz - Eigene Einwohnerfortschreibung,1048.0,635.0,413.0,8335043.0,90.0,Stadt Konstanz - Eigene Einwohnerfortschreibung,334.0,364.0,45.0,88.0,69.0,Konstanz,"""090""","""0901""",792.0,339.0,494.0,298.0,129.0,192.0,103.0,91.0,128.0,149.0,396.0,1048.0,281.0,136.0,631.0,9.0,"8,59",7.0,"6,68",2.0,"81,0706167"
8335043.0,90.0,Industriegebiet,2020,Stadt Konstanz - Eigene Einwohnerfortschreibung,990.0,626.0,364.0,8335043.0,90.0,Stadt Konstanz - Eigene Einwohnerfortschreibung,279.0,366.0,44.0,82.0,74.0,Konstanz,"""090""","""0901""",769.0,339.0,499.0,270.0,126.0,175.0,102.0,79.0,130.0,157.0,379.0,990.0,282.0,120.0,588.0,7.0,"7,07",5.0,"5,05",2.0,"91,59621504"
8335043.0,90.0,Industriegebiet,2021,Stadt Konstanz - Eigene Einwohnerfortschreibung,1002.0,620.0,382.0,8335043.0,90.0,Stadt Konstanz - Eigene Einwohnerfortschreibung,276.0,357.0,40.0,75.0,92.0,Konstanz,"""090""","""0901""",769.0,345.0,496.0,273.0,130.0,172.0,104.0,80.0,122.0,161.0,368.0,1002.0,261.0,124.0,617.0,14.0,"13,97",6.0,"5,99",8.0,"87,41522455"
8335043.0,90.0,Industriegebiet,2022,Stadt Konstanz - Eigene Einwohnerfortschreibung,1102.0,620.0,482.0,8335043.0,90.0,Stadt Konstanz - Eigene Einwohnerfortschreibung,293.0,351.0,39.0,73.0,168.0,Konstanz,"""090""","""0901""",800.0,357.0,498.0,302.0,129.0,175.0,120.0,87.0,121.0,168.0,390.0,1102.0,241.0,119.0,742.0,12.0,"10,89",14.0,"12,70",-2.0,"86,65149234"
8335043.0,40.0,Koenigsbau,2011,Stadt Konstanz - Eigene Einwohnerfortschreibung,5536.0,4578.0,958.0,8335043.0,40.0,Stadt Konstanz - Eigene Einwohnerfortschreibung,2180.0,1835.0,267.0,383.0,2.0,Konstanz,"""040""","""0401""",1156.0,641.0,1057.0,99.0,141.0,323.0,90.0,168.0,132.0,302.0,685.0,5536.0,2058.0,1374.0,2104.0,35.0,"6,32",37.0,"6,68",-2.0,"87,78183972"
8335043.0,40.0,Koenigsbau,2012,Stadt Konstanz - Eigene Einwohnerfortschreibung,5569.0,4667.0,902.0,8335043.0,40.0,Stadt Konstanz - Eigene Einwohnerfortschreibung,2250.0,1833.0,261.0,381.0,0.0,Konstanz,"""040""","""0401""",1155.0,635.0,1057.0,98.0,137.0,332.0,92.0,147.0,137.0,310.0,692.0,5569.0,2085.0,1425.0,2059.0,35.0,"6,28",30.0,"5,39",5.0,"87,78183972"
8335043.0,40.0,Koenigsbau,2013,Stadt Konstanz - Eigene Einwohnerfortschreibung,5662.0,4747.0,915.0,8335043.0,40.0,Stadt Konstanz - Eigene Einwohnerfortschreibung,2299.0,1836.0,263.0,399.0,0.0,Konstanz,"""040""","""0401""",1149.0,635.0,1036.0,113.0,138.0,311.0,94.0,150.0,148.0,308.0,690.0,5662.0,2039.0,1440.0,2183.0,36.0,"6,36",19.0,"3,36",17.0,"92,04338355"
8335043.0,40.0,Koenigsbau,2014,Stadt Konstanz - Eigene Einwohnerfortschreibung,5773.0,4805.0,968.0,8335043.0,40.0,Stadt Konstanz - Eigene Einwohnerfortschreibung,2478.0,1809.0,248.0,390.0,0.0,Konstanz,"""040""","""0401""",1125.0,612.0,1019.0,106.0,133.0,303.0,91.0,143.0,156.0,299.0,675.0,5773.0,2023.0,1420.0,2330.0,37.0,"6,41",40.0,"6,93",-3.0,"93,60905384"
8335043.0,40.0,Koenigsbau,2015,Stadt Konstanz - Eigene Einwohnerfortschreibung,5853.0,4843.0,1010.0,8335043.0,40.0,Stadt Konstanz - Eigene Einwohnerfortschreibung,2520.0,1808.0,252.0,402.0,1.0,Konstanz,"""040""","""0401""",1131.0,602.0,1032.0,99.0,138.0,299.0,93.0,148.0,161.0,292.0,668.0,5853.0,2021.0,1401.0,2431.0,38.0,"6,49",37.0,"6,32",1.0,"93,59872114"
8335043.0,40.0,Koenigsbau,2016,Stadt Konstanz - Eigene Einwohnerfortschreibung,6146.0,4973.0,1173.0,8335043.0,40.0,Stadt Konstanz - Eigene Einwohnerfortschreibung,2596.0,1919.0,253.0,412.0,0.0,Konstanz,"""040""","""0401""",1134.0,593.0,1019.0,115.0,129.0,319.0,98.0,128.0,162.0,298.0,663.0,6146.0,2056.0,1379.0,2711.0,45.0,"7,32",39.0,"6,35",6.0,"91,74469855"
8335043.0,40.0,Koenigsbau,2017,Stadt Konstanz - Eigene Einwohnerfortschreibung,6194.0,5062.0,1132.0,8335043.0,40.0,Stadt Konstanz - Eigene Einwohnerfortschreibung,2627.0,1937.0,248.0,420.0,1.0,Konstanz,"""040""","""0401""",1138.0,594.0,1010.0,128.0,121.0,323.0,109.0,111.0,172.0,302.0,674.0,6194.0,2128.0,1385.0,2681.0,42.0,"6,78",31.0,"5,00",11.0,"89,01851857"
8335043.0,40.0,Koenigsbau,2018,Stadt Konstanz - Eigene Einwohnerfortschreibung,6248.0,5067.0,1181.0,8335043.0,40.0,Stadt Konstanz - Eigene Einwohnerfortschreibung,2672.0,1924.0,248.0,425.0,5.0,Konstanz,"""040""","""0401""",1207.0,626.0,1056.0,151.0,130.0,381.0,107.0,114.0,169.0,306.0,717.0,6248.0,2129.0,1358.0,2761.0,52.0,"8,32",30.0,"4,80",22.0,"86,40349244"
8335043.0,40.0,Koenigsbau,2019,Stadt Konstanz - Eigene Einwohnerfortschreibung,6181.0,5017.0,1164.0,8335043.0,40.0,Stadt Konstanz - Eigene Einwohnerfortschreibung,2663.0,1896.0,254.0,397.0,8.0,Konstanz,"""040""","""0401""",1164.0,621.0,1024.0,140.0,121.0,363.0,92.0,115.0,165.0,308.0,718.0,6181.0,2085.0,1331.0,2765.0,37.0,"5,99",46.0,"7,44",-9.0,"97,39444243"
8335043.0,40.0,Koenigsbau,2020,Stadt Konstanz - Eigene Einwohnerfortschreibung,6254.0,5096.0,1158.0,8335043.0,40.0,Stadt Konstanz - Eigene Einwohnerfortschreibung,2644.0,1923.0,252.0,410.0,14.0,Konstanz,"""040""","""0401""",1180.0,627.0,1030.0,150.0,118.0,369.0,105.0,102.0,167.0,319.0,725.0,6254.0,2042.0,1324.0,2888.0,41.0,"6,56",31.0,"4,96",10.0,"93,77356196"
8335043.0,40.0,Koenigsbau,2021,Stadt Konstanz - Eigene Einwohnerfortschreibung,6507.0,5192.0,1315.0,8335043.0,40.0,Stadt Konstanz - Eigene Einwohnerfortschreibung,2681.0,1997.0,248.0,440.0,39.0,Konstanz,"""040""","""0401""",1241.0,636.0,1036.0,205.0,123.0,398.0,136.0,100.0,161.0,323.0,752.0,6507.0,2005.0,1317.0,3185.0,61.0,"9,37",38.0,"5,84",23.0,"99,32901673"
8335043.0,40.0,Koenigsbau,2022,Stadt Konstanz - Eigene Einwohnerfortschreibung,6669.0,5225.0,1444.0,8335043.0,40.0,Stadt Konstanz - Eigene Einwohnerfortschreibung,2798.0,2017.0,248.0,433.0,63.0,Konstanz,"""040""","""0401""",1297.0,662.0,1047.0,250.0,145.0,418.0,139.0,115.0,161.0,319.0,777.0,6669.0,1991.0,1266.0,3412.0,56.0,"8,40",46.0,"6,90",10.0,"98,5091954"
8335043.0,110.0,Litzelstetten,2011,Stadt Konstanz - Eigene Einwohnerfortschreibung,3810.0,3553.0,257.0,8335043.0,110.0,Stadt Konstanz - Eigene Einwohnerfortschreibung,969.0,1758.0,236.0,291.0,0.0,Konstanz,"""110""","""1101""",1739.0,904.0,1629.0,110.0,273.0,241.0,176.0,302.0,194.0,,923.0,3810.0,1568.0,1036.0,1206.0,24.0,"6,30",32.0,"8,40",-8.0,"125,5626375"
8335043.0,110.0,Litzelstetten,2012,Stadt Konstanz - Eigene Einwohnerfortschreibung,3810.0,3524.0,286.0,8335043.0,110.0,Stadt Konstanz - Eigene Einwohnerfortschreibung,965.0,1784.0,232.0,292.0,0.0,Konstanz,"""110""","""1101""",1716.0,888.0,1602.0,114.0,,246.0,155.0,287.0,219.0,,927.0,3810.0,1563.0,1003.0,1244.0,20.0,"5,25",28.0,"7,35",-8.0,"125,5626375"
8335043.0,110.0,Litzelstetten,2013,Stadt Konstanz - Eigene Einwohnerfortschreibung,3878.0,3538.0,340.0,8335043.0,110.0,Stadt Konstanz - Eigene Einwohnerfortschreibung,1029.0,1774.0,237.0,306.0,0.0,Konstanz,"""110""","""1101""",1747.0,910.0,1611.0,136.0,268.0,256.0,169.0,284.0,222.0,,898.0,3878.0,1579.0,998.0,1301.0,23.0,"5,93",28.0,"7,22",-5.0,"134,3230352"
8335043.0,110.0,Litzelstetten,2014,Stadt Konstanz - Eigene Einwohnerfortschreibung,3870.0,3529.0,341.0,8335043.0,110.0,Stadt Konstanz - Eigene Einwohnerfortschreibung,1039.0,1772.0,231.0,305.0,0.0,Konstanz,"""110""","""1101""",1745.0,909.0,1623.0,122.0,,261.0,159.0,271.0,231.0,,905.0,3870.0,1556.0,973.0,1341.0,28.0,"7,24",32.0,"8,27",-4.0,"129,3458292"
8335043.0,110.0,Litzelstetten,2015,Stadt Konstanz - Eigene Einwohnerfortschreibung,3819.0,3475.0,344.0,8335043.0,110.0,Stadt Konstanz - Eigene Einwohnerfortschreibung,1048.0,1745.0,233.0,303.0,0.0,Konstanz,"""110""","""1101""",1723.0,900.0,1598.0,125.0,,254.0,161.0,268.0,225.0,,907.0,3819.0,1519.0,936.0,1364.0,33.0,"8,64",25.0,"6,55",8.0,"127,8639109"
8335043.0,110.0,Litzelstetten,2016,Stadt Konstanz - Eigene Einwohnerfortschreibung,3841.0,3468.0,373.0,8335043.0,110.0,Stadt Konstanz - Eigene Einwohnerfortschreibung,1065.0,1724.0,231.0,313.0,1.0,Konstanz,"""110""","""1101""",1737.0,894.0,1593.0,144.0,,273.0,165.0,232.0,258.0,,901.0,3841.0,1492.0,931.0,1418.0,26.0,"6,77",32.0,"8,33",-6.0,"130,0128246"
8335043.0,110.0,Litzelstetten,2017,Stadt Konstanz - Eigene Einwohnerfortschreibung,3814.0,3425.0,389.0,8335043.0,110.0,Stadt Konstanz - Eigene Einwohnerfortschreibung,1028.0,1746.0,231.0,297.0,3.0,Konstanz,"""110""","""1101""",1739.0,888.0,1588.0,151.0,270.0,265.0,178.0,218.0,268.0,540.0,893.0,3814.0,1470.0,892.0,1452.0,32.0,"8,39",34.0,"8,91",-2.0,"130,7019295"
8335043.0,110.0,Litzelstetten,2018,Stadt Konstanz - Eigene Einwohnerfortschreibung,3831.0,3440.0,391.0,8335043.0,110.0,Stadt Konstanz - Eigene Einwohnerfortschreibung,1038.0,1740.0,234.0,295.0,5.0,Konstanz,"""110""","""1101""",1752.0,887.0,1585.0,167.0,276.0,269.0,192.0,206.0,276.0,533.0,914.0,3831.0,1446.0,899.0,1486.0,31.0,"8,09",36.0,"9,40",-5.0,"128,8846201"
8335043.0,110.0,Litzelstetten,2019,Stadt Konstanz - Eigene Einwohnerfortschreibung,3861.0,3469.0,392.0,8335043.0,110.0,Stadt Konstanz - Eigene Einwohnerfortschreibung,1068.0,1734.0,245.0,297.0,5.0,Konstanz,"""110""","""1101""",1785.0,916.0,1619.0,166.0,271.0,300.0,186.0,201.0,293.0,534.0,952.0,3861.0,1423.0,896.0,1542.0,28.0,"7,25",28.0,"7,25",0.0,"121,2182212"
8335043.0,110.0,Litzelstetten,2020,Stadt Konstanz - Eigene Einwohnerfortschreibung,3823.0,3425.0,398.0,8335043.0,110.0,Stadt Konstanz - Eigene Einwohnerfortschreibung,1017.0,1728.0,255.0,287.0,10.0,Konstanz,"""110""","""1101""",1777.0,914.0,1621.0,156.0,268.0,273.0,193.0,186.0,310.0,547.0,942.0,3823.0,1372.0,859.0,1592.0,36.0,"9,42",33.0,"8,63",3.0,"117,1411337"
8335043.0,110.0,Litzelstetten,2021,Stadt Konstanz - Eigene Einwohnerfortschreibung,3785.0,3403.0,382.0,8335043.0,110.0,Stadt Konstanz - Eigene Einwohnerfortschreibung,990.0,1705.0,261.0,289.0,11.0,Konstanz,"""110""","""1101""",1779.0,926.0,1615.0,164.0,267.0,262.0,189.0,189.0,305.0,567.0,946.0,3785.0,1319.0,832.0,1634.0,32.0,"8,45",26.0,"6,87",6.0,"118,8465583"
8335043.0,110.0,Litzelstetten,2022,Stadt Konstanz - Eigene Einwohnerfortschreibung,3820.0,3358.0,462.0,8335043.0,110.0,Stadt Konstanz - Eigene Einwohnerfortschreibung,1006.0,1704.0,264.0,282.0,31.0,Konstanz,"""110""","""1101""",1760.0,929.0,1563.0,197.0,256.0,276.0,177.0,175.0,291.0,585.0,945.0,3820.0,1255.0,803.0,1762.0,24.0,"6,28",37.0,"9,69",-13.0,"129,1171012"
8335043.0,20.0,Paradies,2011,Stadt Konstanz - Eigene Einwohnerfortschreibung,5808.0,5073.0,735.0,8335043.0,20.0,Stadt Konstanz - Eigene Einwohnerfortschreibung,2420.0,1845.0,401.0,431.0,0.0,Konstanz,"""020""","""0201""",2816.0,1535.0,2560.0,256.0,397.0,492.0,369.0,463.0,330.0,765.0,1669.0,5808.0,2426.0,1323.0,2059.0,45.0,"7,75",53.0,"9,13",-8.0,"77,95285972"
8335043.0,20.0,Paradies,2012,Stadt Konstanz - Eigene Einwohnerfortschreibung,5813.0,5069.0,744.0,8335043.0,20.0,Stadt Konstanz - Eigene Einwohnerfortschreibung,2469.0,1826.0,391.0,431.0,0.0,Konstanz,"""020""","""0201""",2805.0,1526.0,2554.0,251.0,393.0,489.0,365.0,461.0,337.0,760.0,1682.0,5813.0,2437.0,1316.0,2060.0,47.0,"8,09",53.0,"9,12",-6.0,"77,95285972"
8335043.0,20.0,Paradies,2013,Stadt Konstanz - Eigene Einwohnerfortschreibung,6030.0,5198.0,832.0,8335043.0,20.0,Stadt Konstanz - Eigene Einwohnerfortschreibung,2698.0,1795.0,390.0,434.0,1.0,Konstanz,"""020""","""0201""",2798.0,1518.0,2539.0,259.0,394.0,489.0,370.0,439.0,349.0,757.0,1.667,6030.0,2444.0,1325.0,2261.0,45.0,"7,46",64.0,"10,61",-19.0,"71,75506752"
8335043.0,20.0,Paradies,2014,Stadt Konstanz - Eigene Einwohnerfortschreibung,6032.0,5206.0,826.0,8335043.0,20.0,Stadt Konstanz - Eigene Einwohnerfortschreibung,2745.0,1783.0,387.0,436.0,0.0,Konstanz,"""020""","""0201""",2784.0,1519.0,2520.0,264.0,368.0,494.0,373.0,419.0,375.0,755.0,1660.0,6032.0,2429.0,1350.0,2253.0,42.0,"6,96",57.0,"9,45",-15.0,"72,0170357"
8335043.0,20.0,Paradies,2015,Stadt Konstanz - Eigene Einwohnerfortschreibung,6122.0,5230.0,892.0,8335043.0,20.0,Stadt Konstanz - Eigene Einwohnerfortschreibung,2798.0,1800.0,382.0,446.0,1.0,Konstanz,"""020""","""0201""",2803.0,1547.0,2526.0,277.0,369.0,476.0,388.0,410.0,386.0,774.0,1669.0,6122.0,2399.0,1346.0,2377.0,51.0,"8,33",60.0,"9,80",-9.0,"74,95875369"
8335043.0,20.0,Paradies,2016,Stadt Konstanz - Eigene Einwohnerfortschreibung,6116.0,5246.0,870.0,8335043.0,20.0,Stadt Konstanz - Eigene Einwohnerfortschreibung,2797.0,1807.0,389.0,449.0,2.0,Konstanz,"""020""","""0201""",2816.0,1529.0,2529.0,287.0,371.0,498.0,379.0,363.0,427.0,778.0,1674.0,6116.0,2368.0,1344.0,2404.0,52.0,"8,50",52.0,"8,50",0.0,"78,09823503"
8335043.0,20.0,Paradies,2017,Stadt Konstanz - Eigene Einwohnerfortschreibung,6161.0,5348.0,813.0,8335043.0,20.0,Stadt Konstanz - Eigene Einwohnerfortschreibung,2843.0,1803.0,387.0,463.0,3.0,Konstanz,"""020""","""0201""",2836.0,1544.0,2539.0,297.0,375.0,518.0,385.0,337.0,443.0,778.0,1688.0,6161.0,2391.0,1359.0,2411.0,40.0,"6,49",56.0,"9,09",-16.0,"79,20702982"
8335043.0,20.0,Paradies,2018,Stadt Konstanz - Eigene Einwohnerfortschreibung,6113.0,5341.0,772.0,8335043.0,20.0,Stadt Konstanz - Eigene Einwohnerfortschreibung,2783.0,1800.0,388.0,467.0,2.0,Konstanz,"""020""","""0201""",2805.0,1522.0,2511.0,294.0,373.0,478.0,409.0,321.0,450.0,774.0,1666.0,6113.0,2354.0,1326.0,2433.0,47.0,"7,69",60.0,"9,82",-13.0,"79,7147668"
8335043.0,20.0,Paradies,2019,Stadt Konstanz - Eigene Einwohnerfortschreibung,6097.0,5336.0,761.0,8335043.0,20.0,Stadt Konstanz - Eigene Einwohnerfortschreibung,2835.0,1760.0,377.0,452.0,3.0,Konstanz,"""020""","""0201""",2802.0,1502.0,2497.0,305.0,378.0,487.0,409.0,300.0,451.0,777.0,1680.0,6097.0,2309.0,1278.0,2510.0,47.0,"7,71",73.0,"11,97",-26.0,"87,89333117"
8335043.0,20.0,Paradies,2020,Stadt Konstanz - Eigene Einwohnerfortschreibung,5994.0,5291.0,703.0,8335043.0,20.0,Stadt Konstanz - Eigene Einwohnerfortschreibung,2772.0,1757.0,359.0,443.0,8.0,Konstanz,"""020""","""0201""",2772.0,1488.0,2478.0,294.0,365.0,470.0,412.0,297.0,436.0,792.0,1657.0,5994.0,2241.0,1216.0,2537.0,41.0,"6,84",76.0,"12,68",-35.0,"97,09853101"
8335043.0,20.0,Paradies,2021,Stadt Konstanz - Eigene Einwohnerfortschreibung,6009.0,5253.0,756.0,8335043.0,20.0,Stadt Konstanz - Eigene Einwohnerfortschreibung,2829.0,1742.0,359.0,432.0,12.0,Konstanz,"""020""","""0201""",2734.0,1457.0,2438.0,296.0,346.0,463.0,409.0,283.0,417.0,816.0,1660.0,6009.0,2141.0,1198.0,2670.0,40.0,"6,66",63.0,"10,48",-23.0,"95,79312796"
8335043.0,20.0,Paradies,2022,Stadt Konstanz - Eigene Einwohnerfortschreibung,6202.0,5247.0,955.0,8335043.0,20.0,Stadt Konstanz - Eigene Einwohnerfortschreibung,2868.0,1748.0,352.0,437.0,104.0,Konstanz,"""020""","""0201""",2734.0,1459.0,2412.0,322.0,358.0,468.0,396.0,274.0,419.0,819.0,1.643,6202.0,2068.0,1155.0,2979.0,44.0,"7,09",67.0,"10,80",-23.0,"96,54117929"
8335043.0,35.0,Petershausen-Ost,2011,Stadt Konstanz - Eigene Einwohnerfortschreibung,6828.0,6313.0,515.0,8335043.0,35.0,Stadt Konstanz - Eigene Einwohnerfortschreibung,1996.0,2734.0,622.0,531.0,0.0,Konstanz,"""035""","""0351""",1918.0,1106.0,1699.0,219.0,255.0,476.0,221.0,246.0,202.0,518.0,1160.0,6828.0,2695.0,1857.0,2276.0,48.0,"7,03",128.0,"18,75",-80.0,"121,6620079"
8335043.0,35.0,Petershausen-Ost,2012,Stadt Konstanz - Eigene Einwohnerfortschreibung,6892.0,6370.0,522.0,8335043.0,35.0,Stadt Konstanz - Eigene Einwohnerfortschreibung,2046.0,2734.0,619.0,548.0,0.0,Konstanz,"""035""","""0351""",1915.0,1111.0,1704.0,211.0,252.0,485.0,208.0,228.0,220.0,522.0,1181.0,6892.0,2702.0,1819.0,2371.0,52.0,"7,54",131.0,"19,01",-79.0,"121,6620079"
8335043.0,35.0,Petershausen-Ost,2013,Stadt Konstanz - Eigene Einwohnerfortschreibung,6938.0,6394.0,544.0,8335043.0,35.0,Stadt Konstanz - Eigene Einwohnerfortschreibung,2082.0,2709.0,664.0,530.0,0.0,Konstanz,"""035""","""0351""",1927.0,1082.0,1697.0,230.0,250.0,507.0,223.0,220.0,230.0,497.0,1.173,6938.0,2644.0,1801.0,2493.0,42.0,"6,05",152.0,"21,91",-110.0,"121,2080855"
8335043.0,35.0,Petershausen-Ost,2014,Stadt Konstanz - Eigene Einwohnerfortschreibung,7067.0,6392.0,675.0,8335043.0,35.0,Stadt Konstanz - Eigene Einwohnerfortschreibung,2172.0,2738.0,651.0,517.0,0.0,Konstanz,"""035""","""0351""",2039.0,1110.0,1688.0,351.0,285.0,566.0,243.0,218.0,244.0,483.0,1216.0,7067.0,2606.0,1780.0,2681.0,49.0,"6,93",136.0,"19,24",-87.0,"122,2671247"
8335043.0,35.0,Petershausen-Ost,2015,Stadt Konstanz - Eigene Einwohnerfortschreibung,7120.0,6355.0,765.0,8335043.0,35.0,Stadt Konstanz - Eigene Einwohnerfortschreibung,2220.0,2736.0,663.0,517.0,0.0,Konstanz,"""035""","""0351""",2063.0,1131.0,1659.0,404.0,290.0,556.0,260.0,222.0,241.0,494.0,1214.0,7120.0,2592.0,1719.0,2809.0,56.0,"7,87",157.0,"22,05",-101.0,"123,760594"
8335043.0,35.0,Petershausen-Ost,2016,Stadt Konstanz - Eigene Einwohnerfortschreibung,7156.0,6370.0,786.0,8335043.0,35.0,Stadt Konstanz - Eigene Einwohnerfortschreibung,2246.0,2740.0,652.0,530.0,5.0,Konstanz,"""035""","""0351""",2073.0,1134.0,1668.0,405.0,283.0,550.0,274.0,217.0,250.0,499.0,1197.0,7156.0,2542.0,1709.0,2905.0,61.0,"8,52",142.0,"19,84",-81.0,"122,9723512"
8335043.0,35.0,Petershausen-Ost,2017,Stadt Konstanz - Eigene Einwohnerfortschreibung,7187.0,6398.0,789.0,8335043.0,35.0,Stadt Konstanz - Eigene Einwohnerfortschreibung,2263.0,2727.0,646.0,541.0,25.0,Konstanz,"""035""","""0351""",2073.0,1117.0,1684.0,389.0,284.0,572.0,253.0,197.0,258.0,509.0,1207.0,7187.0,2515.0,1717.0,2955.0,54.0,"7,51",117.0,"16,28",-63.0,"123,1531597"
8335043.0,35.0,Petershausen-Ost,2018,Stadt Konstanz - Eigene Einwohnerfortschreibung,7273.0,6388.0,885.0,8335043.0,35.0,Stadt Konstanz - Eigene Einwohnerfortschreibung,2274.0,2811.0,637.0,549.0,15.0,Konstanz,"""035""","""0351""",2159.0,1178.0,1713.0,446.0,315.0,578.0,267.0,216.0,271.0,512.0,1242.0,7273.0,2464.0,1683.0,3126.0,49.0,"6,74",138.0,"18,97",-89.0,"122,9600415"
8335043.0,35.0,Petershausen-Ost,2019,Stadt Konstanz - Eigene Einwohnerfortschreibung,7248.0,6374.0,874.0,8335043.0,35.0,Stadt Konstanz - Eigene Einwohnerfortschreibung,2254.0,2809.0,619.0,559.0,15.0,Konstanz,"""035""","""0351""",2136.0,1196.0,1704.0,432.0,308.0,562.0,263.0,211.0,260.0,532.0,1231.0,7248.0,2393.0,1604.0,3251.0,58.0,"8,00",121.0,"16,69",-63.0,"112,402222"
8335043.0,35.0,Petershausen-Ost,2020,Stadt Konstanz - Eigene Einwohnerfortschreibung,7270.0,6349.0,921.0,8335043.0,35.0,Stadt Konstanz - Eigene Einwohnerfortschreibung,2235.0,2848.0,612.0,559.0,29.0,Konstanz,"""035""","""0351""",2136.0,1202.0,1681.0,455.0,298.0,545.0,283.0,212.0,246.0,552.0,1259.0,7270.0,2385.0,1552.0,3333.0,62.0,"8,53",150.0,"20,63",-88.0,"105,0059876"
8335043.0,35.0,Petershausen-Ost,2021,Stadt Konstanz - Eigene Einwohnerfortschreibung,7245.0,6350.0,895.0,8335043.0,35.0,Stadt Konstanz - Eigene Einwohnerfortschreibung,2243.0,2865.0,595.0,560.0,26.0,Konstanz,"""035""","""0351""",2087.0,1183.0,1651.0,436.0,285.0,536.0,271.0,213.0,241.0,541.0,1234.0,7245.0,2294.0,1515.0,3436.0,61.0,"8,42",163.0,"22,50",-102.0,"108,0488787"
8335043.0,35.0,Petershausen-Ost,2022,Stadt Konstanz - Eigene Einwohnerfortschreibung,7267.0,6267.0,1000.0,8335043.0,35.0,Stadt Konstanz - Eigene Einwohnerfortschreibung,2240.0,2815.0,587.0,561.0,79.0,Konstanz,"""035""","""0351""",2177.0,1221.0,1660.0,517.0,323.0,548.0,311.0,226.0,220.0,549.0,1.273,7267.0,2121.0,1478.0,3668.0,60.0,"8,26",164.0,"22,57",-104.0,"112,2002976"
8335043.0,30.0,Petershausen-West,2011,Stadt Konstanz - Eigene Einwohnerfortschreibung,13436.0,11041.0,2395.0,8335043.0,30.0,Stadt Konstanz - Eigene Einwohnerfortschreibung,5715.0,4220.0,656.0,1133.0,2.0,Konstanz,"""030""","""0301""",986.0,523.0,787.0,199.0,143.0,263.0,137.0,135.0,108.0,200.0,581.0,13436.0,4831.0,3126.0,5479.0,118.0,"8,78",74.0,"5,51",44.0,"86,61663397"
8335043.0,30.0,Petershausen-West,2012,Stadt Konstanz - Eigene Einwohnerfortschreibung,14202.0,11745.0,2457.0,8335043.0,30.0,Stadt Konstanz - Eigene Einwohnerfortschreibung,6122.0,4361.0,666.0,1189.0,0.0,Konstanz,"""030""","""0301""",970.0,505.0,762.0,208.0,130.0,266.0,142.0,128.0,115.0,189.0,595.0,14202.0,5055.0,3244.0,5903.0,112.0,"7,89",75.0,"5,28",37.0,"86,61663397"
8335043.0,30.0,Petershausen-West,2013,Stadt Konstanz - Eigene Einwohnerfortschreibung,14843.0,12197.0,2646.0,8335043.0,30.0,Stadt Konstanz - Eigene Einwohnerfortschreibung,6447.0,4545.0,690.0,1203.0,0.0,Konstanz,"""030""","""0301""",1070.0,535.0,755.0,315.0,158.0,307.0,164.0,136.0,115.0,190.0,629.0,14843.0,5164.0,3302.0,6377.0,124.0,"8,35",110.0,"7,41",14.0,"87,01159615"
8335043.0,30.0,Petershausen-West,2014,Stadt Konstanz - Eigene Einwohnerfortschreibung,14891.0,12228.0,2663.0,8335043.0,30.0,Stadt Konstanz - Eigene Einwohnerfortschreibung,6492.0,4584.0,664.0,1218.0,1.0,Konstanz,"""030""","""0301""",904.0,473.0,717.0,187.0,113.0,254.0,115.0,120.0,112.0,190.0,564.0,14891.0,5176.0,3221.0,6494.0,123.0,"8,26",96.0,"6,45",27.0,"85,39397155"
8335043.0,30.0,Petershausen-West,2015,Stadt Konstanz - Eigene Einwohnerfortschreibung,15347.0,12342.0,3005.0,8335043.0,30.0,Stadt Konstanz - Eigene Einwohnerfortschreibung,6794.0,4698.0,658.0,1222.0,10.0,Konstanz,"""030""","""0301""",921.0,485.0,735.0,186.0,125.0,260.0,121.0,113.0,113.0,189.0,583.0,15347.0,5156.0,3221.0,6970.0,146.0,"9,51",93.0,"6,06",53.0,"84,99701399"
8335043.0,30.0,Petershausen-West,2016,Stadt Konstanz - Eigene Einwohnerfortschreibung,15552.0,12503.0,3049.0,8335043.0,30.0,Stadt Konstanz - Eigene Einwohnerfortschreibung,6928.0,4698.0,669.0,1257.0,17.0,Konstanz,"""030""","""0301""",972.0,509.0,763.0,209.0,143.0,254.0,145.0,123.0,111.0,196.0,600.0,15552.0,5245.0,3166.0,7141.0,182.0,"11,70",97.0,"6,24",85.0,"83,4628129"
8335043.0,30.0,Petershausen-West,2017,Stadt Konstanz - Eigene Einwohnerfortschreibung,15616.0,12507.0,3109.0,8335043.0,30.0,Stadt Konstanz - Eigene Einwohnerfortschreibung,6930.0,4752.0,667.0,1261.0,40.0,Konstanz,"""030""","""0301""",984.0,521.0,784.0,200.0,138.0,260.0,154.0,118.0,115.0,199.0,592.0,15616.0,5210.0,3074.0,7332.0,151.0,"9,67",100.0,"6,40",51.0,"82,43920323"
8335043.0,30.0,Petershausen-West,2018,Stadt Konstanz - Eigene Einwohnerfortschreibung,16002.0,12762.0,3240.0,8335043.0,30.0,Stadt Konstanz - Eigene Einwohnerfortschreibung,7080.0,4850.0,663.0,1274.0,93.0,Konstanz,"""030""","""0301""",996.0,516.0,777.0,219.0,141.0,280.0,142.0,110.0,121.0,202.0,605.0,16002.0,5212.0,3082.0,7708.0,160.0,"10,00",78.0,"4,87",82.0,"82,3723001"
8335043.0,30.0,Petershausen-West,2019,Stadt Konstanz - Eigene Einwohnerfortschreibung,16021.0,12686.0,3335.0,8335043.0,30.0,Stadt Konstanz - Eigene Einwohnerfortschreibung,7043.0,4844.0,672.0,1266.0,117.0,Konstanz,"""030""","""0301""",1016.0,525.0,772.0,244.0,145.0,275.0,166.0,109.0,123.0,198.0,610.0,16021.0,5136.0,2959.0,7926.0,186.0,"11,61",104.0,"6,49",82.0,"83,6561562"
8335043.0,30.0,Petershausen-West,2020,Stadt Konstanz - Eigene Einwohnerfortschreibung,15820.0,12473.0,3347.0,8335043.0,30.0,Stadt Konstanz - Eigene Einwohnerfortschreibung,6881.0,4786.0,653.0,1257.0,123.0,Konstanz,"""030""","""0301""",1022.0,520.0,771.0,251.0,146.0,286.0,165.0,100.0,122.0,203.0,609.0,15820.0,4869.0,2886.0,8065.0,170.0,"10,75",93.0,"5,88",77.0,"84,84927431"
8335043.0,30.0,Petershausen-West,2021,Stadt Konstanz - Eigene Einwohnerfortschreibung,16082.0,12594.0,3488.0,8335043.0,30.0,Stadt Konstanz - Eigene Einwohnerfortschreibung,6996.0,4898.0,646.0,1199.0,163.0,Konstanz,"""030""","""0301""",1035.0,529.0,767.0,268.0,140.0,285.0,179.0,110.0,125.0,196.0,615.0,16082.0,4699.0,2814.0,8569.0,175.0,"10,88",123.0,"7,65",52.0,"87,04901546"
8335043.0,30.0,Petershausen-West,2022,Stadt Konstanz - Eigene Einwohnerfortschreibung,16309.0,12605.0,3704.0,8335043.0,30.0,Stadt Konstanz - Eigene Einwohnerfortschreibung,6991.0,4896.0,642.0,1226.0,249.0,Konstanz,"""030""","""0301""",1053.0,532.0,771.0,282.0,152.0,285.0,186.0,120.0,124.0,186.0,630.0,16309.0,4439.0,2723.0,9147.0,155.0,"9,50",99.0,"6,07",56.0,"81,70650374"
8335043.0,60.0,Staad,2011,Stadt Konstanz - Eigene Einwohnerfortschreibung,1710.0,1606.0,104.0,8335043.0,60.0,Stadt Konstanz - Eigene Einwohnerfortschreibung,466.0,774.0,130.0,130.0,0.0,Konstanz,"""060""","""0601""",985.0,522.0,928.0,57.0,117.0,117.0,99.0,158.0,122.0,372.0,582.0,1710.0,699.0,463.0,548.0,11.0,"6,43",22.0,"12,87",-11.0,"132,6929414"
8335043.0,60.0,Staad,2012,Stadt Konstanz - Eigene Einwohnerfortschreibung,1761.0,1658.0,103.0,8335043.0,60.0,Stadt Konstanz - Eigene Einwohnerfortschreibung,491.0,792.0,126.0,127.0,0.0,Konstanz,"""060""","""0601""",996.0,537.0,938.0,58.0,120.0,121.0,100.0,158.0,119.0,378.0,595.0,1761.0,722.0,462.0,577.0,12.0,"6,81",12.0,"6,81",0.0,"132,6929414"
8335043.0,60.0,Staad,2013,Stadt Konstanz - Eigene Einwohnerfortschreibung,1790.0,1658.0,132.0,8335043.0,60.0,Stadt Konstanz - Eigene Einwohnerfortschreibung,488.0,803.0,128.0,135.0,0.0,Konstanz,"""060""","""0601""",1015.0,532.0,941.0,74.0,127.0,135.0,98.0,153.0,126.0,376.0,576.0,1790.0,708.0,453.0,629.0,17.0,"9,50",13.0,"7,26",4.0,"137,2807652"
8335043.0,60.0,Staad,2014,Stadt Konstanz - Eigene Einwohnerfortschreibung,1813.0,1663.0,150.0,8335043.0,60.0,Stadt Konstanz - Eigene Einwohnerfortschreibung,503.0,800.0,130.0,141.0,0.0,Konstanz,"""060""","""0601""",1039.0,555.0,958.0,81.0,127.0,150.0,95.0,152.0,138.0,377.0,591.0,1813.0,702.0,453.0,658.0,16.0,"8,83",9.0,"4,96",7.0,"133,2314232"
8335043.0,60.0,Staad,2015,Stadt Konstanz - Eigene Einwohnerfortschreibung,1797.0,1652.0,145.0,8335043.0,60.0,Stadt Konstanz - Eigene Einwohnerfortschreibung,478.0,796.0,133.0,143.0,0.0,Konstanz,"""060""","""0601""",1018.0,540.0,943.0,75.0,126.0,138.0,83.0,141.0,153.0,377.0,583.0,1797.0,677.0,459.0,661.0,16.0,"8,90",16.0,"8,90",0.0,"133,6484344"
8335043.0,60.0,Staad,2016,Stadt Konstanz - Eigene Einwohnerfortschreibung,1807.0,1657.0,150.0,8335043.0,60.0,Stadt Konstanz - Eigene Einwohnerfortschreibung,487.0,786.0,135.0,143.0,0.0,Konstanz,"""060""","""0601""",1018.0,539.0,938.0,80.0,131.0,135.0,88.0,136.0,161.0,367.0,581.0,1807.0,672.0,439.0,696.0,15.0,"8,30",15.0,"8,30",0.0,"132,5740316"
8335043.0,60.0,Staad,2017,Stadt Konstanz - Eigene Einwohnerfortschreibung,1813.0,1644.0,169.0,8335043.0,60.0,Stadt Konstanz - Eigene Einwohnerfortschreibung,496.0,795.0,128.0,137.0,1.0,Konstanz,"""060""","""0601""",1018.0,545.0,933.0,85.0,131.0,135.0,92.0,124.0,169.0,367.0,575.0,1813.0,652.0,440.0,721.0,13.0,"7,17",14.0,"7,72",-1.0,"132,6453465"
8335043.0,60.0,Staad,2018,Stadt Konstanz - Eigene Einwohnerfortschreibung,1793.0,1637.0,156.0,8335043.0,60.0,Stadt Konstanz - Eigene Einwohnerfortschreibung,487.0,802.0,121.0,135.0,0.0,Konstanz,"""060""","""0601""",1002.0,531.0,927.0,75.0,127.0,132.0,95.0,120.0,153.0,375.0,570.0,1793.0,640.0,418.0,735.0,13.0,"7,25",12.0,"6,69",1.0,"136,0199257"
8335043.0,60.0,Staad,2019,Stadt Konstanz - Eigene Einwohnerfortschreibung,1779.0,1628.0,151.0,8335043.0,60.0,Stadt Konstanz - Eigene Einwohnerfortschreibung,503.0,782.0,112.0,137.0,0.0,Konstanz,"""060""","""0601""",1008.0,529.0,928.0,80.0,128.0,146.0,101.0,112.0,157.0,364.0,575.0,1779.0,619.0,410.0,750.0,11.0,"6,18",16.0,"8,99",-5.0,"119,5997386"
8335043.0,60.0,Staad,2020,Stadt Konstanz - Eigene Einwohnerfortschreibung,1840.0,1666.0,174.0,8335043.0,60.0,Stadt Konstanz - Eigene Einwohnerfortschreibung,519.0,808.0,113.0,142.0,2.0,Konstanz,"""060""","""0601""",1035.0,543.0,947.0,88.0,127.0,149.0,103.0,109.0,165.0,382.0,579.0,1840.0,608.0,417.0,815.0,13.0,"7,07",3.0,"1,63",10.0,"123,3160219"
8335043.0,60.0,Staad,2021,Stadt Konstanz - Eigene Einwohnerfortschreibung,1816.0,1635.0,181.0,8335043.0,60.0,Stadt Konstanz - Eigene Einwohnerfortschreibung,520.0,801.0,113.0,131.0,2.0,Konstanz,"""060""","""0601""",1022.0,548.0,931.0,91.0,124.0,147.0,95.0,111.0,162.0,383.0,586.0,1816.0,587.0,405.0,824.0,16.0,"8,81",26.0,"14,32",-10.0,"112,0641051"
8335043.0,60.0,Staad,2022,Stadt Konstanz - Eigene Einwohnerfortschreibung,1846.0,1634.0,212.0,8335043.0,60.0,Stadt Konstanz - Eigene Einwohnerfortschreibung,523.0,795.0,117.0,132.0,12.0,Konstanz,"""060""","""0601""",1028.0,547.0,927.0,101.0,129.0,150.0,98.0,112.0,159.0,380.0,592.0,1846.0,561.0,390.0,895.0,21.0,"11,38",20.0,"10,83",1.0,"113,2762902"
8335043.0,140.0,Wallhausen,2011,Stadt Konstanz - Eigene Einwohnerfortschreibung,1130.0,1026.0,104.0,8335043.0,140.0,Stadt Konstanz - Eigene Einwohnerfortschreibung,337.0,484.0,76.0,76.0,0.0,Konstanz,"""140""","""1401""",1130.0,609.0,1026.0,104.0,157.0,209.0,120.0,170.0,160.0,314.0,684.0,1130.0,465.0,285.0,380.0,4.0,"3,54",4.0,"3,54",0.0,"123,6402635"
8335043.0,140.0,Wallhausen,2012,Stadt Konstanz - Eigene Einwohnerfortschreibung,1123.0,1028.0,95.0,8335043.0,140.0,Stadt Konstanz - Eigene Einwohnerfortschreibung,339.0,483.0,70.0,73.0,0.0,Konstanz,"""140""","""1401""",1123.0,609.0,1028.0,95.0,158.0,213.0,108.0,163.0,164.0,317.0,689.0,1123.0,452.0,297.0,374.0,9.0,"8,01",8.0,"7,12",1.0,"123,6402635"
8335043.0,140.0,Wallhausen,2013,Stadt Konstanz - Eigene Einwohnerfortschreibung,1123.0,1003.0,120.0,8335043.0,140.0,Stadt Konstanz - Eigene Einwohnerfortschreibung,323.0,492.0,77.0,75.0,0.0,Konstanz,"""140""","""1401""",1123.0,606.0,1003.0,120.0,156.0,193.0,126.0,150.0,176.0,322.0,642.0,1123.0,441.0,296.0,386.0,7.0,"6,23",10.0,"8,90",-3.0,"139,4151685"
8335043.0,140.0,Wallhausen,2014,Stadt Konstanz - Eigene Einwohnerfortschreibung,1166.0,1030.0,136.0,8335043.0,140.0,Stadt Konstanz - Eigene Einwohnerfortschreibung,357.0,496.0,75.0,81.0,0.0,Konstanz,"""140""","""1401""",1166.0,630.0,1030.0,136.0,157.0,217.0,133.0,152.0,186.0,321.0,654.0,1166.0,443.0,311.0,412.0,13.0,"11,15",9.0,"7,72",4.0,"134,1791644"
8335043.0,140.0,Wallhausen,2015,Stadt Konstanz - Eigene Einwohnerfortschreibung,1161.0,1036.0,125.0,8335043.0,140.0,Stadt Konstanz - Eigene Einwohnerfortschreibung,352.0,500.0,74.0,88.0,0.0,Konstanz,"""140""","""1401""",1161.0,625.0,1036.0,125.0,147.0,233.0,122.0,149.0,193.0,317.0,633.0,1161.0,424.0,311.0,426.0,9.0,"7,75",9.0,"7,75",0.0,"132,4086558"
8335043.0,140.0,Wallhausen,2016,Stadt Konstanz - Eigene Einwohnerfortschreibung,1151.0,1014.0,137.0,8335043.0,140.0,Stadt Konstanz - Eigene Einwohnerfortschreibung,353.0,484.0,72.0,86.0,1.0,Konstanz,"""140""","""1401""",1151.0,611.0,1014.0,137.0,155.0,217.0,125.0,143.0,186.0,325.0,638.0,1151.0,403.0,285.0,463.0,13.0,"11,29",11.0,"9,56",2.0,"119,6445644"
8335043.0,140.0,Wallhausen,2017,Stadt Konstanz - Eigene Einwohnerfortschreibung,1147.0,1014.0,133.0,8335043.0,140.0,Stadt Konstanz - Eigene Einwohnerfortschreibung,359.0,486.0,69.0,87.0,1.0,Konstanz,"""140""","""1401""",1147.0,608.0,1014.0,133.0,145.0,208.0,141.0,138.0,191.0,324.0,638.0,1147.0,384.0,292.0,471.0,9.0,"7,85",7.0,"6,10",2.0,"124,2441449"
8335043.0,140.0,Wallhausen,2018,Stadt Konstanz - Eigene Einwohnerfortschreibung,1123.0,987.0,136.0,8335043.0,140.0,Stadt Konstanz - Eigene Einwohnerfortschreibung,342.0,481.0,68.0,92.0,0.0,Konstanz,"""140""","""1401""",1123.0,598.0,987.0,136.0,140.0,192.0,136.0,134.0,187.0,334.0,641.0,1123.0,393.0,267.0,463.0,7.0,"6,23",4.0,"3,56",3.0,"124,4853101"
8335043.0,140.0,Wallhausen,2019,Stadt Konstanz - Eigene Einwohnerfortschreibung,1137.0,975.0,162.0,8335043.0,140.0,Stadt Konstanz - Eigene Einwohnerfortschreibung,345.0,492.0,64.0,87.0,0.0,Konstanz,"""140""","""1401""",1137.0,603.0,975.0,162.0,149.0,191.0,147.0,117.0,194.0,339.0,653.0,1137.0,400.0,261.0,476.0,9.0,"7,92",6.0,"5,28",3.0,"123,4931481"
8335043.0,140.0,Wallhausen,2020,Stadt Konstanz - Eigene Einwohnerfortschreibung,1135.0,971.0,164.0,8335043.0,140.0,Stadt Konstanz - Eigene Einwohnerfortschreibung,323.0,499.0,68.0,91.0,2.0,Konstanz,"""140""","""1401""",1135.0,591.0,971.0,164.0,152.0,173.0,147.0,125.0,194.0,344.0,638.0,1135.0,390.0,250.0,495.0,10.0,"8,81",7.0,"6,17",3.0,"117,5656874"
8335043.0,140.0,Wallhausen,2021,Stadt Konstanz - Eigene Einwohnerfortschreibung,1129.0,965.0,164.0,8335043.0,140.0,Stadt Konstanz - Eigene Einwohnerfortschreibung,339.0,495.0,67.0,82.0,0.0,Konstanz,"""140""","""1401""",1129.0,590.0,965.0,164.0,146.0,171.0,147.0,124.0,193.0,348.0,647.0,1129.0,375.0,247.0,507.0,9.0,"7,97",15.0,"13,29",-6.0,"115,4773741"
8335043.0,140.0,Wallhausen,2022,Stadt Konstanz - Eigene Einwohnerfortschreibung,1150.0,991.0,159.0,8335043.0,140.0,Stadt Konstanz - Eigene Einwohnerfortschreibung,327.0,491.0,73.0,85.0,7.0,Konstanz,"""140""","""1401""",1150.0,597.0,991.0,159.0,167.0,151.0,134.0,143.0,182.0,373.0,657.0,1150.0,359.0,240.0,551.0,9.0,"7,83",9.0,"7,83",0.0,"127,5983029"
8335043.0,80.0,Wollmatingen,2011,Stadt Konstanz - Eigene Einwohnerfortschreibung,6232.0,5498.0,734.0,8335043.0,80.0,Stadt Konstanz - Eigene Einwohnerfortschreibung,1576.0,2573.0,322.0,475.0,2.0,Konstanz,"""080""","""0801""",2564.0,1350.0,2146.0,418.0,505.0,470.0,306.0,422.0,321.0,540.0,1243.0,6232.0,2496.0,1416.0,2320.0,55.0,"8,83",52.0,"8,34",3.0,"92,16510424"
8335043.0,80.0,Wollmatingen,2012,Stadt Konstanz - Eigene Einwohnerfortschreibung,6357.0,5585.0,772.0,8335043.0,80.0,Stadt Konstanz - Eigene Einwohnerfortschreibung,1661.0,2623.0,323.0,465.0,0.0,Konstanz,"""080""","""0801""",2599.0,1374.0,2175.0,424.0,506.0,486.0,308.0,433.0,318.0,548.0,1269.0,6357.0,2507.0,1462.0,2388.0,56.0,"8,81",64.0,"10,07",-8.0,"92,16510424"
8335043.0,80.0,Wollmatingen,2013,Stadt Konstanz - Eigene Einwohnerfortschreibung,6561.0,5736.0,825.0,8335043.0,80.0,Stadt Konstanz - Eigene Einwohnerfortschreibung,1742.0,2676.0,334.0,480.0,0.0,Konstanz,"""080""","""0801""",2629.0,1383.0,2223.0,406.0,527.0,467.0,345.0,408.0,329.0,553.0,1.295,6561.0,2515.0,1455.0,2591.0,69.0,"10,52",72.0,"10,97",-3.0,"85,20688608"
8335043.0,80.0,Wollmatingen,2014,Stadt Konstanz - Eigene Einwohnerfortschreibung,6613.0,5771.0,842.0,8335043.0,80.0,Stadt Konstanz - Eigene Einwohnerfortschreibung,1777.0,2686.0,317.0,475.0,0.0,Konstanz,"""080""","""0801""",2644.0,1395.0,2216.0,428.0,547.0,447.0,365.0,383.0,343.0,559.0,1303.0,6613.0,2505.0,1438.0,2670.0,63.0,"9,53",51.0,"7,71",12.0,"86,93565666"
8335043.0,80.0,Wollmatingen,2015,Stadt Konstanz - Eigene Einwohnerfortschreibung,6683.0,5826.0,857.0,8335043.0,80.0,Stadt Konstanz - Eigene Einwohnerfortschreibung,1838.0,2679.0,315.0,483.0,0.0,Konstanz,"""080""","""0801""",2643.0,1399.0,2234.0,409.0,569.0,432.0,370.0,364.0,354.0,554.0,1294.0,6683.0,2479.0,1425.0,2779.0,71.0,"10,62",61.0,"9,13",10.0,"86,98503756"
8335043.0,80.0,Wollmatingen,2016,Stadt Konstanz - Eigene Einwohnerfortschreibung,6876.0,5885.0,991.0,8335043.0,80.0,Stadt Konstanz - Eigene Einwohnerfortschreibung,2029.0,2689.0,319.0,491.0,8.0,Konstanz,"""080""","""0801""",2682.0,1408.0,2247.0,435.0,561.0,469.0,380.0,364.0,362.0,546.0,1337.0,6876.0,2463.0,1405.0,3008.0,74.0,"10,76",58.0,"8,44",16.0,"88,38361073"
8335043.0,80.0,Wollmatingen,2017,Stadt Konstanz - Eigene Einwohnerfortschreibung,6795.0,5842.0,953.0,8335043.0,80.0,Stadt Konstanz - Eigene Einwohnerfortschreibung,1930.0,2678.0,325.0,503.0,4.0,Konstanz,"""080""","""0801""",2771.0,1446.0,2254.0,517.0,603.0,458.0,419.0,352.0,384.0,555.0,1363.0,6795.0,2399.0,1362.0,3034.0,63.0,"9,27",58.0,"8,54",5.0,"89,49362311"
8335043.0,80.0,Wollmatingen,2018,Stadt Konstanz - Eigene Einwohnerfortschreibung,6784.0,5774.0,1010.0,8335043.0,80.0,Stadt Konstanz - Eigene Einwohnerfortschreibung,1936.0,2649.0,344.0,514.0,3.0,Konstanz,"""080""","""0801""",2738.0,1441.0,2201.0,537.0,602.0,457.0,389.0,332.0,403.0,555.0,1358.0,6784.0,2334.0,1318.0,3132.0,55.0,"8,11",64.0,"9,43",-9.0,"90,54252205"
8335043.0,80.0,Wollmatingen,2019,Stadt Konstanz - Eigene Einwohnerfortschreibung,6775.0,5721.0,1054.0,8335043.0,80.0,Stadt Konstanz - Eigene Einwohnerfortschreibung,1952.0,2639.0,348.0,507.0,9.0,Konstanz,"""080""","""0801""",2768.0,1461.0,2171.0,597.0,603.0,470.0,390.0,311.0,417.0,577.0,1377.0,6775.0,2305.0,1294.0,3176.0,65.0,"9,59",63.0,"9,30",2.0,"96,74455843"
8335043.0,80.0,Wollmatingen,2020,Stadt Konstanz - Eigene Einwohnerfortschreibung,6742.0,5659.0,1083.0,8335043.0,80.0,Stadt Konstanz - Eigene Einwohnerfortschreibung,1950.0,2658.0,339.0,485.0,18.0,Konstanz,"""080""","""0801""",2741.0,1443.0,2120.0,621.0,603.0,448.0,379.0,308.0,418.0,585.0,1340.0,6742.0,2249.0,1243.0,3250.0,68.0,"10,09",61.0,"9,05",7.0,"97,25898082"
8335043.0,80.0,Wollmatingen,2021,Stadt Konstanz - Eigene Einwohnerfortschreibung,6667.0,5563.0,1104.0,8335043.0,80.0,Stadt Konstanz - Eigene Einwohnerfortschreibung,1925.0,2636.0,350.0,481.0,16.0,Konstanz,"""080""","""0801""",2691.0,1428.0,2047.0,644.0,568.0,435.0,383.0,308.0,404.0,593.0,1338.0,6667.0,2134.0,1207.0,3326.0,54.0,"8,10",73.0,"10,95",-19.0,"96,940378"
8335043.0,80.0,Wollmatingen,2022,Stadt Konstanz - Eigene Einwohnerfortschreibung,6645.0,5515.0,1130.0,8335043.0,80.0,Stadt Konstanz - Eigene Einwohnerfortschreibung,1903.0,2647.0,348.0,478.0,23.0,Konstanz,"""080""","""0801""",2689.0,1421.0,2025.0,664.0,578.0,426.0,376.0,325.0,396.0,588.0,1.342,6645.0,2020.0,1164.0,3461.0,55.0,"8,28",85.0,"12,79",-30.0,"94,51502051"
